season,month,holiday,day_of_week,workingday,weather,temp,atemp,humidity,windspeed,count
3.0,9.0,0.0,5.0,1.0,2.0,26.0,25.0,89.79,0.12,3544.0
3.0,7.0,0.0,5.0,1.0,1.0,38.0,39.0,54.25,0.17,3846.0
3.0,7.0,0.0,0.0,0.0,2.0,27.0,28.0,76.25,0.09,7410.0
1.0,1.0,0.0,5.0,1.0,2.0,-1.0,3.0,45.0,0.2,3163.0
1.0,2.0,0.0,6.0,0.0,1.0,-1.0,4.0,54.42,0.2,1472.0
3.0,8.0,0.0,0.0,0.0,1.0,30.0,32.0,77.0,0.25,3873.0
2.0,6.0,0.0,5.0,1.0,1.0,25.0,27.0,58.96,0.18,7665.0
2.0,5.0,0.0,0.0,0.0,1.0,23.0,25.0,74.96,0.15,4660.0
1.0,12.0,0.0,1.0,1.0,2.0,-0.0,5.0,79.13,0.08,920.0
2.0,6.0,0.0,6.0,0.0,1.0,22.0,25.0,54.92,0.19,8120.0
4.0,10.0,0.0,5.0,1.0,1.0,12.0,16.0,57.42,0.22,4304.0
4.0,12.0,0.0,3.0,1.0,1.0,6.0,11.0,62.54,0.18,5267.0
1.0,3.0,0.0,0.0,0.0,1.0,9.0,13.0,52.74,0.27,2417.0
2.0,5.0,0.0,5.0,1.0,1.0,25.0,26.0,73.54,0.16,6296.0
4.0,11.0,0.0,2.0,1.0,2.0,3.0,7.0,78.67,0.24,3959.0
1.0,3.0,0.0,2.0,1.0,1.0,2.0,6.0,53.5,0.22,1851.0
1.0,2.0,0.0,6.0,0.0,1.0,10.0,14.0,18.79,0.51,1635.0
1.0,1.0,0.0,0.0,0.0,1.0,3.0,6.0,31.13,0.24,3243.0
3.0,8.0,0.0,2.0,1.0,1.0,25.0,27.0,45.54,0.15,5895.0
3.0,8.0,0.0,6.0,0.0,2.0,30.0,32.0,75.5,0.23,4294.0
2.0,6.0,0.0,4.0,1.0,1.0,26.0,28.0,56.96,0.25,7363.0
3.0,7.0,0.0,2.0,1.0,2.0,30.0,31.0,66.75,0.15,6290.0
2.0,3.0,0.0,3.0,1.0,2.0,7.0,10.0,83.96,0.23,2121.0
1.0,2.0,0.0,6.0,0.0,2.0,-0.0,4.0,92.92,0.16,1005.0
4.0,12.0,0.0,3.0,1.0,2.0,4.0,8.0,53.83,0.16,5319.0
4.0,10.0,0.0,5.0,1.0,2.0,20.0,22.0,71.62,0.22,3644.0
3.0,9.0,0.0,1.0,1.0,1.0,22.0,25.0,50.38,0.26,7525.0
3.0,7.0,0.0,6.0,0.0,1.0,33.0,33.0,61.33,0.16,6685.0
1.0,3.0,0.0,0.0,0.0,2.0,9.0,12.0,94.83,0.34,605.0
4.0,11.0,0.0,3.0,1.0,1.0,4.0,7.0,50.62,0.21,5260.0
2.0,4.0,0.0,1.0,1.0,2.0,14.0,18.0,57.0,0.17,5572.0
2.0,3.0,0.0,4.0,1.0,1.0,20.0,22.0,83.12,0.12,6871.0
1.0,2.0,0.0,2.0,1.0,1.0,8.0,11.0,39.58,0.19,4363.0
1.0,3.0,0.0,6.0,0.0,2.0,11.0,15.0,62.12,0.16,4066.0
4.0,11.0,0.0,2.0,1.0,2.0,14.0,17.0,83.08,0.26,2914.0
1.0,1.0,0.0,6.0,0.0,1.0,-4.0,1.0,45.75,0.19,2493.0
3.0,7.0,0.0,6.0,0.0,1.0,39.0,40.0,49.21,0.16,4840.0
3.0,8.0,0.0,4.0,1.0,2.0,28.0,30.0,77.17,0.21,3542.0
4.0,9.0,0.0,5.0,1.0,2.0,23.0,22.0,97.25,0.08,2395.0
2.0,5.0,0.0,0.0,0.0,1.0,24.0,26.0,53.04,0.25,7129.0
2.0,5.0,0.0,5.0,1.0,1.0,21.0,24.0,52.33,0.14,7639.0
3.0,8.0,0.0,3.0,1.0,1.0,31.0,31.0,57.54,0.14,4694.0
4.0,10.0,0.0,1.0,1.0,1.0,19.0,21.0,57.96,0.18,4570.0
1.0,2.0,0.0,4.0,1.0,1.0,-3.0,0.0,43.78,0.28,1550.0
3.0,7.0,0.0,5.0,1.0,1.0,34.0,35.0,59.46,0.15,6904.0
4.0,12.0,0.0,4.0,1.0,1.0,2.0,5.0,58.0,0.24,7938.0
3.0,7.0,0.0,4.0,1.0,1.0,37.0,,45.79,0.19,6241.0
1.0,12.0,0.0,5.0,1.0,2.0,6.0,8.0,55.67,0.37,8420.0
3.0,9.0,0.0,0.0,0.0,1.0,22.0,24.0,57.0,0.09,7333.0
3.0,6.0,0.0,2.0,1.0,2.0,28.0,29.0,77.04,0.17,4835.0
1.0,1.0,0.0,1.0,1.0,2.0,-4.0,1.0,60.38,0.19,1501.0
1.0,1.0,0.0,3.0,1.0,1.0,-4.0,-1.0,59.95,0.3,1162.0
3.0,7.0,0.0,3.0,1.0,1.0,35.0,36.0,57.71,0.14,5713.0
4.0,11.0,0.0,6.0,0.0,1.0,10.0,14.0,64.54,0.06,2816.0
2.0,4.0,0.0,5.0,1.0,1.0,10.0,14.0,37.71,0.3,6460.0
1.0,2.0,0.0,2.0,1.0,2.0,-3.0,4.0,82.96,0.05,1360.0
4.0,10.0,0.0,5.0,1.0,1.0,13.0,16.0,53.92,0.24,7282.0
3.0,9.0,0.0,6.0,0.0,1.0,27.0,27.0,75.38,0.15,5345.0
4.0,12.0,0.0,4.0,1.0,2.0,12.0,15.0,63.42,0.27,3709.0
4.0,12.0,0.0,0.0,0.0,2.0,8.0,12.0,83.88,0.1,3786.0
2.0,4.0,1.0,5.0,0.0,1.0,13.0,17.0,67.12,0.23,3126.0
4.0,10.0,0.0,3.0,1.0,1.0,17.0,21.0,63.08,0.19,7691.0
2.0,4.0,0.0,3.0,1.0,1.0,15.0,19.0,42.79,0.12,6196.0
2.0,5.0,0.0,0.0,0.0,1.0,24.0,26.0,57.63,0.23,6118.0
2.0,3.0,0.0,6.0,0.0,1.0,2.0,5.0,39.42,0.21,2496.0
3.0,6.0,0.0,5.0,1.0,1.0,38.0,39.0,48.88,0.17,5463.0
4.0,12.0,0.0,2.0,1.0,2.0,9.0,14.0,59.54,0.06,3750.0
3.0,9.0,0.0,0.0,0.0,2.0,29.0,30.0,81.5,0.06,5810.0
1.0,1.0,0.0,6.0,0.0,1.0,-4.0,1.0,45.75,0.19,2493.0
1.0,2.0,1.0,1.0,0.0,2.0,4.0,7.0,60.5,0.31,1107.0
4.0,9.0,0.0,5.0,1.0,2.0,24.0,26.0,69.0,0.16,3919.0
2.0,5.0,0.0,2.0,1.0,2.0,24.0,26.0,76.58,0.12,6073.0
4.0,10.0,0.0,4.0,1.0,2.0,20.0,22.0,80.04,0.12,7359.0
4.0,11.0,0.0,6.0,0.0,1.0,3.0,5.0,40.46,0.38,2277.0
1.0,2.0,0.0,6.0,0.0,1.0,3.0,7.0,53.79,0.19,1969.0
4.0,12.0,0.0,1.0,1.0,1.0,14.0,18.0,76.75,0.08,6234.0
2.0,3.0,0.0,3.0,1.0,1.0,16.0,19.0,48.12,0.29,5698.0
1.0,12.0,0.0,2.0,1.0,2.0,5.0,10.0,76.25,0.19,1162.0
1.0,2.0,0.0,5.0,1.0,1.0,18.0,21.0,51.67,0.26,2927.0
4.0,11.0,0.0,4.0,1.0,2.0,5.0,9.0,62.04,0.15,5445.0
3.0,8.0,0.0,2.0,1.0,1.0,31.0,31.0,62.0,0.19,2779.0
1.0,1.0,1.0,1.0,0.0,2.0,-4.0,0.0,53.75,0.19,1000.0
4.0,10.0,0.0,6.0,0.0,1.0,12.0,16.0,62.92,0.09,4308.0
2.0,6.0,0.0,1.0,1.0,1.0,25.0,27.0,49.46,0.31,5020.0
3.0,9.0,0.0,5.0,1.0,2.0,15.0,18.0,59.04,0.16,4760.0
3.0,7.0,0.0,0.0,0.0,1.0,32.0,32.0,57.83,0.18,4881.0
1.0,3.0,0.0,4.0,1.0,1.0,16.0,19.0,61.54,0.23,4990.0
3.0,8.0,0.0,5.0,1.0,2.0,29.0,30.0,61.5,0.07,7582.0
3.0,7.0,0.0,3.0,1.0,1.0,34.0,33.0,40.29,0.18,4656.0
1.0,12.0,0.0,0.0,0.0,1.0,0.0,5.0,51.54,0.13,1787.0
2.0,6.0,0.0,5.0,1.0,2.0,26.0,27.0,75.54,0.24,4127.0
3.0,9.0,0.0,4.0,1.0,1.0,24.0,26.0,63.71,0.08,7804.0
4.0,9.0,0.0,4.0,1.0,2.0,26.0,27.0,69.08,0.13,7393.0
4.0,11.0,0.0,3.0,1.0,1.0,7.0,12.0,61.38,0.1,5146.0
4.0,12.0,0.0,2.0,1.0,1.0,11.0,15.0,66.62,0.22,5557.0
2.0,4.0,0.0,2.0,1.0,1.0,13.0,16.0,43.5,0.25,5918.0
1.0,3.0,0.0,6.0,0.0,1.0,3.0,6.0,35.04,0.23,4118.0
1.0,1.0,0.0,5.0,1.0,2.0,-3.0,2.0,49.87,0.17,1510.0
2.0,4.0,0.0,1.0,1.0,1.0,17.0,21.0,54.25,0.16,3429.0
4.0,10.0,0.0,5.0,1.0,2.0,19.0,22.0,80.71,0.13,7444.0
3.0,8.0,0.0,0.0,0.0,1.0,32.0,34.0,75.29,0.2,3785.0
1.0,2.0,0.0,3.0,1.0,2.0,-7.0,-2.0,49.48,0.19,1605.0
3.0,9.0,0.0,6.0,0.0,2.0,16.0,19.0,71.83,0.19,4511.0
2.0,5.0,0.0,2.0,1.0,1.0,34.0,35.0,63.67,0.11,3982.0
2.0,6.0,0.0,0.0,0.0,1.0,29.0,30.0,74.79,0.16,4460.0
3.0,8.0,0.0,3.0,1.0,1.0,33.0,32.0,42.42,0.2,4780.0
1.0,1.0,0.0,1.0,1.0,1.0,2.0,6.0,40.08,0.22,3624.0
1.0,1.0,0.0,6.0,0.0,2.0,-0.0,5.0,49.88,0.16,1248.0
1.0,1.0,0.0,3.0,1.0,3.0,-1.0,2.0,86.25,0.29,506.0
2.0,5.0,1.0,1.0,0.0,1.0,31.0,31.0,68.5,0.13,4098.0
1.0,2.0,0.0,0.0,0.0,2.0,3.0,6.0,51.58,0.25,7766.0
2.0,5.0,0.0,2.0,1.0,2.0,24.0,25.0,79.46,0.15,5115.0
1.0,2.0,0.0,1.0,1.0,1.0,11.0,14.0,37.58,0.42,1913.0
4.0,12.0,0.0,3.0,1.0,3.0,11.0,14.0,97.04,0.27,705.0
2.0,4.0,0.0,0.0,0.0,2.0,12.0,15.0,67.62,0.17,6041.0
1.0,2.0,0.0,2.0,1.0,1.0,3.0,8.0,59.43,0.21,3777.0
2.0,4.0,0.0,4.0,1.0,1.0,12.0,16.0,37.42,0.22,6457.0
4.0,9.0,0.0,2.0,1.0,2.0,25.0,25.0,88.54,0.12,4120.0
3.0,7.0,0.0,5.0,1.0,1.0,37.0,36.0,45.08,0.15,6207.0
3.0,6.0,0.0,0.0,0.0,1.0,32.0,31.0,47.92,0.15,6891.0
2.0,4.0,0.0,4.0,1.0,1.0,10.0,13.0,46.62,0.29,5409.0
4.0,11.0,0.0,5.0,1.0,1.0,8.0,13.0,56.88,0.15,3910.0
4.0,10.0,0.0,6.0,0.0,1.0,17.0,20.0,48.33,0.26,5217.0
1.0,2.0,0.0,2.0,1.0,1.0,-4.0,1.0,57.78,0.2,1450.0
4.0,11.0,0.0,2.0,1.0,1.0,3.0,7.0,56.71,0.17,5686.0
,11.0,0.0,3.0,1.0,1.0,3.0,7.0,55.21,0.2,5495.0
2.0,3.0,0.0,6.0,0.0,2.0,12.0,16.0,73.83,0.25,6235.0
3.0,7.0,0.0,0.0,0.0,1.0,36.0,36.0,51.88,0.17,5531.0
3.0,9.0,0.0,2.0,1.0,1.0,31.0,32.0,75.5,0.24,6864.0
1.0,3.0,0.0,5.0,1.0,2.0,5.0,8.0,64.96,0.23,1977.0
2.0,4.0,0.0,1.0,1.0,2.0,5.0,8.0,76.67,0.3,3214.0
2.0,5.0,0.0,3.0,1.0,1.0,27.0,28.0,69.62,0.15,4978.0
3.0,8.0,0.0,0.0,0.0,1.0,33.0,35.0,65.25,0.29,5464.0
4.0,11.0,0.0,3.0,1.0,1.0,7.0,12.0,61.38,0.1,5146.0
4.0,9.0,0.0,4.0,1.0,1.0,24.0,25.0,69.92,0.17,4839.0
4.0,10.0,0.0,0.0,0.0,1.0,19.0,22.0,72.75,0.06,5511.0
2.0,4.0,0.0,4.0,1.0,2.0,24.0,25.0,70.08,0.32,4058.0
2.0,5.0,0.0,2.0,1.0,2.0,27.0,27.0,74.08,0.21,4492.0
4.0,12.0,0.0,1.0,1.0,2.0,12.0,16.0,92.5,0.19,5170.0
1.0,2.0,,0.0,0.0,1.0,-7.0,-5.0,46.46,0.41,1529.0
1.0,3.0,0.0,6.0,0.0,1.0,15.0,18.0,37.92,0.37,3117.0
4.0,11.0,1.0,4.0,0.0,1.0,6.0,11.0,58.04,0.05,8223.0
3.0,8.0,0.0,2.0,1.0,1.0,25.0,26.0,54.83,0.13,5204.0
4.0,12.0,0.0,3.0,1.0,1.0,13.0,16.0,48.5,0.32,5729.0
4.0,9.0,0.0,0.0,0.0,2.0,25.0,25.0,84.5,0.05,5010.0
1.0,3.0,0.0,4.0,1.0,1.0,11.0,15.0,60.29,0.21,2744.0
2.0,4.0,0.0,5.0,1.0,1.0,13.0,16.0,40.83,0.16,6398.0
3.0,9.0,0.0,0.0,0.0,1.0,23.0,25.0,54.75,0.22,8227.0
4.0,11.0,0.0,0.0,0.0,1.0,13.0,16.0,45.83,0.28,3717.0
3.0,9.0,0.0,2.0,1.0,2.0,20.0,23.0,88.12,0.13,3641.0
3.0,7.0,0.0,4.0,1.0,1.0,32.0,32.0,65.12,0.16,4592.0
4.0,10.0,0.0,0.0,0.0,2.0,7.0,11.0,79.17,0.22,2918.0
2.0,3.0,0.0,0.0,0.0,2.0,1.0,5.0,49.39,0.18,1693.0
3.0,9.0,0.0,1.0,1.0,2.0,20.0,22.0,69.0,0.15,4539.0
4.0,10.0,0.0,4.0,1.0,2.0,22.0,24.0,89.67,0.14,2913.0
4.0,11.0,0.0,0.0,0.0,1.0,0.0,5.0,46.83,0.15,2424.0
1.0,1.0,0.0,4.0,1.0,2.0,9.0,13.0,80.29,0.18,4097.0
1.0,2.0,0.0,0.0,0.0,1.0,5.0,9.0,45.74,0.26,1589.0
2.0,5.0,0.0,1.0,1.0,2.0,21.0,24.0,78.96,0.21,2843.0
3.0,8.0,0.0,6.0,0.0,1.0,28.0,28.0,60.33,0.18,7865.0
4.0,10.0,0.0,6.0,0.0,1.0,10.0,14.0,49.46,0.15,7109.0
4.0,9.0,0.0,2.0,1.0,1.0,20.0,23.0,57.0,0.24,7538.0
4.0,10.0,1.0,1.0,0.0,1.0,21.0,23.0,73.38,0.04,5117.0
4.0,12.0,0.0,0.0,0.0,2.0,9.0,14.0,90.54,0.16,3228.0
1.0,2.0,0.0,6.0,0.0,1.0,3.0,5.0,39.58,0.42,2732.0
1.0,1.0,0.0,0.0,0.0,1.0,6.0,10.0,46.5,0.19,3425.0
1.0,1.0,0.0,6.0,0.0,1.0,5.0,10.0,54.33,0.21,4023.0
4.0,11.0,0.0,6.0,0.0,1.0,6.0,9.0,51.92,0.19,3926.0
4.0,12.0,0.0,2.0,1.0,1.0,3.0,8.0,59.0,0.14,3523.0
2.0,4.0,0.0,3.0,1.0,1.0,19.0,23.0,46.96,0.18,2204.0
1.0,2.0,1.0,1.0,0.0,1.0,3.0,6.0,50.78,0.23,3129.0
4.0,11.0,0.0,0.0,0.0,1.0,14.0,18.0,69.83,0.21,3071.0
1.0,3.0,0.0,5.0,1.0,2.0,7.0,12.0,65.71,0.14,3194.0
3.0,8.0,0.0,0.0,0.0,2.0,25.0,27.0,71.17,0.09,4549.0
2.0,3.0,0.0,2.0,1.0,1.0,4.0,7.0,31.42,0.23,2425.0
4.0,11.0,0.0,4.0,1.0,2.0,8.0,12.0,58.17,0.16,5986.0
1.0,12.0,0.0,5.0,1.0,2.0,1.0,5.0,59.0,0.16,3095.0
4.0,10.0,0.0,5.0,1.0,2.0,6.0,9.0,58.58,0.23,3747.0
1.0,2.0,0.0,3.0,1.0,2.0,7.0,11.0,80.48,0.18,1834.0
2.0,3.0,0.0,6.0,0.0,2.0,17.0,20.0,88.54,0.19,3372.0
1.0,1.0,0.0,2.0,1.0,1.0,-6.0,-3.0,44.12,0.37,2236.0
1.0,2.0,0.0,3.0,1.0,1.0,10.0,14.0,56.79,0.23,4773.0
4.0,11.0,0.0,5.0,1.0,1.0,7.0,11.0,52.21,0.27,5847.0
4.0,12.0,0.0,2.0,1.0,3.0,14.0,18.0,94.96,0.23,2594.0
3.0,7.0,0.0,2.0,1.0,1.0,37.0,37.0,50.58,0.11,6786.0
3.0,8.0,0.0,1.0,1.0,1.0,34.0,33.0,55.08,0.16,4266.0
3.0,6.0,0.0,6.0,0.0,1.0,31.0,30.0,53.46,0.18,7458.0
2.0,6.0,0.0,6.0,0.0,1.0,25.0,26.0,50.42,0.17,7702.0
3.0,7.0,0.0,1.0,1.0,1.0,32.0,32.0,69.42,0.14,6966.0
1.0,2.0,0.0,3.0,1.0,1.0,-1.0,4.0,42.3,0.09,1917.0
4.0,10.0,0.0,4.0,1.0,1.0,12.0,16.0,46.33,0.18,7570.0
3.0,7.0,0.0,6.0,0.0,2.0,29.0,31.0,69.92,0.14,6969.0
1.0,3.0,0.0,4.0,1.0,1.0,-3.0,2.0,31.83,0.23,1685.0
3.0,9.0,0.0,3.0,1.0,1.0,31.0,34.0,74.12,0.19,7112.0
3.0,9.0,0.0,6.0,0.0,2.0,27.0,28.0,79.92,0.28,5976.0
2.0,4.0,0.0,1.0,1.0,1.0,21.0,23.0,42.62,0.39,3115.0
1.0,1.0,0.0,6.0,0.0,2.0,-4.0,0.0,83.12,0.22,1301.0
3.0,8.0,0.0,5.0,1.0,1.0,30.0,30.0,63.08,0.18,4866.0
1.0,2.0,0.0,4.0,1.0,1.0,2.0,6.0,56.21,0.19,3830.0
3.0,7.0,0.0,4.0,1.0,1.0,34.0,34.0,60.04,0.17,6591.0
3.0,8.0,0.0,6.0,0.0,2.0,28.0,29.0,85.0,0.38,1115.0
2.0,3.0,0.0,2.0,1.0,1.0,13.0,17.0,62.46,0.23,2703.0
3.0,8.0,0.0,2.0,1.0,1.0,34.0,34.0,49.12,0.21,4845.0
3.0,9.0,0.0,0.0,0.0,1.0,30.0,31.0,74.21,0.21,4940.0
3.0,7.0,0.0,6.0,0.0,1.0,36.0,35.0,46.58,0.17,4475.0
2.0,5.0,0.0,6.0,0.0,1.0,26.0,28.0,72.96,0.23,4758.0
1.0,2.0,0.0,4.0,1.0,1.0,,16.0,50.5,0.23,2475.0
4.0,10.0,0.0,2.0,1.0,2.0,19.0,22.0,70.17,0.11,4748.0
2.0,6.0,0.0,1.0,1.0,2.0,21.0,23.0,77.79,0.17,5099.0
2.0,4.0,0.0,0.0,0.0,2.0,22.0,24.0,81.08,0.19,4191.0
4.0,11.0,0.0,5.0,1.0,1.0,7.0,11.0,52.46,0.17,5698.0
4.0,10.0,0.0,0.0,0.0,2.0,11.0,15.0,70.83,0.14,3510.0
3.0,7.0,0.0,5.0,1.0,1.0,27.0,28.0,59.13,0.18,5538.0
3.0,7.0,0.0,2.0,1.0,1.0,35.0,36.0,55.92,0.2,4258.0
2.0,4.0,0.0,6.0,0.0,1.0,15.0,18.0,50.33,0.24,5312.0
2.0,6.0,0.0,2.0,1.0,2.0,26.0,27.0,83.33,0.21,4972.0
2.0,4.0,0.0,0.0,0.0,2.0,12.0,16.0,85.75,0.15,2895.0
3.0,6.0,0.0,3.0,1.0,1.0,31.0,33.0,70.75,0.17,4507.0
1.0,2.0,0.0,6.0,0.0,2.0,2.0,6.0,77.96,0.12,7389.0
1.0,1.0,0.0,2.0,1.0,1.0,4.0,9.0,64.65,0.19,3598.0
4.0,10.0,0.0,2.0,1.0,2.0,5.0,9.0,82.55,0.21,1096.0
1.0,1.0,0.0,0.0,0.0,1.0,-0.0,4.0,48.38,0.19,1204.0
3.0,8.0,0.0,4.0,1.0,2.0,30.0,31.0,75.75,0.2,
3.0,9.0,0.0,6.0,0.0,1.0,23.0,26.0,50.17,0.25,8714.0
1.0,3.0,0.0,1.0,1.0,1.0,14.0,18.0,48.92,0.21,5298.0
2.0,6.0,0.0,3.0,1.0,1.0,34.0,35.0,62.21,0.14,4401.0
4.0,12.0,0.0,6.0,0.0,2.0,9.0,14.0,91.12,0.1,5582.0
3.0,9.0,0.0,4.0,1.0,2.0,25.0,24.0,90.21,0.13,4795.0
4.0,12.0,0.0,5.0,1.0,2.0,9.0,12.0,50.04,0.26,7557.0
1.0,1.0,0.0,5.0,1.0,2.0,12.0,15.0,74.12,0.34,3456.0
2.0,6.0,0.0,0.0,0.0,1.0,31.0,31.0,53.83,0.13,6598.0
4.0,11.0,1.0,1.0,0.0,1.0,16.0,19.0,74.17,0.17,6269.0
3.0,8.0,0.0,5.0,1.0,2.0,28.0,29.0,72.29,0.14,4153.0
1.0,1.0,0.0,0.0,0.0,2.0,-5.0,-1.0,79.62,0.2,1977.0
2.0,6.0,0.0,3.0,1.0,1.0,26.0,28.0,58.21,0.34,7421.0
3.0,7.0,0.0,0.0,0.0,1.0,32.0,33.0,71.79,0.17,6031.0
4.0,10.0,0.0,0.0,0.0,1.0,18.0,21.0,,0.28,6639.0
3.0,8.0,0.0,3.0,1.0,1.0,26.0,28.0,59.79,0.08,5058.0
1.0,12.0,0.0,6.0,0.0,1.0,2.0,4.0,44.12,0.41,1749.0
1.0,2.0,0.0,0.0,0.0,2.0,2.0,6.0,,0.18,2947.0
2.0,3.0,0.0,3.0,1.0,2.0,4.0,8.0,64.67,0.17,1536.0
2.0,4.0,0.0,5.0,1.0,2.0,4.0,7.0,68.62,0.26,2227.0
2.0,5.0,0.0,6.0,0.0,1.0,18.0,21.0,54.12,0.16,4714.0
2.0,3.0,0.0,2.0,1.0,1.0,5.0,9.0,29.0,0.19,5102.0
2.0,3.0,0.0,4.0,1.0,1.0,16.0,19.0,43.92,0.32,6133.0
2.0,4.0,0.0,2.0,1.0,1.0,11.0,15.0,45.42,0.25,5633.0
4.0,11.0,0.0,1.0,1.0,1.0,17.0,20.0,74.3,0.14,3867.0
2.0,6.0,0.0,5.0,1.0,1.0,24.0,26.0,35.42,0.25,5312.0
4.0,10.0,0.0,0.0,0.0,1.0,14.0,18.0,51.0,0.17,6824.0
2.0,4.0,0.0,3.0,1.0,1.0,10.0,13.0,47.08,0.26,2808.0
2.0,4.0,0.0,2.0,1.0,1.0,23.0,27.0,39.04,0.27,6691.0
3.0,9.0,0.0,0.0,0.0,1.0,26.0,27.0,71.38,0.12,5046.0
1.0,1.0,0.0,4.0,1.0,1.0,-5.0,-1.0,47.04,0.3,1406.0
3.0,7.0,0.0,1.0,1.0,2.0,30.0,30.0,68.33,0.18,6569.0
1.0,2.0,0.0,1.0,1.0,1.0,2.0,8.0,73.83,0.05,1712.0
3.0,7.0,0.0,1.0,1.0,1.0,32.0,33.0,65.12,0.22,4458.0
2.0,6.0,0.0,3.0,1.0,1.0,20.0,23.0,61.12,0.08,7055.0
2.0,4.0,0.0,1.0,1.0,1.0,16.0,19.0,31.75,0.36,5585.0
1.0,12.0,0.0,4.0,1.0,2.0,12.0,16.0,75.75,0.05,7258.0
4.0,11.0,0.0,3.0,1.0,2.0,13.0,16.0,75.79,0.34,2566.0
3.0,9.0,0.0,6.0,0.0,1.0,27.0,29.0,71.67,0.19,4484.0
1.0,1.0,0.0,4.0,1.0,2.0,7.0,11.0,76.96,0.07,4075.0
3.0,9.0,0.0,3.0,1.0,3.0,23.0,,91.71,0.1,1996.0
3.0,8.0,0.0,1.0,1.0,2.0,32.0,34.0,65.42,0.13,7013.0
2.0,3.0,0.0,0.0,0.0,2.0,13.0,17.0,88.08,0.22,4996.0
4.0,9.0,0.0,6.0,0.0,2.0,23.0,25.0,86.25,0.08,5423.0
1.0,2.0,0.0,1.0,1.0,2.0,11.0,14.0,87.64,0.29,1446.0
3.0,9.0,0.0,2.0,1.0,1.0,26.0,27.0,71.25,0.14,4763.0
2.0,5.0,0.0,3.0,1.0,1.0,25.0,27.0,69.79,0.12,2180.0
4.0,10.0,0.0,3.0,1.0,3.0,19.0,21.0,89.52,0.24,2424.0
3.0,7.0,0.0,6.0,0.0,1.0,38.0,40.0,50.0,0.13,3285.0
3.0,8.0,0.0,1.0,1.0,1.0,29.0,29.0,47.0,0.28,818.0
4.0,12.0,0.0,6.0,0.0,1.0,4.0,9.0,61.29,0.1,3614.0
2.0,6.0,0.0,4.0,1.0,1.0,30.0,30.0,30.5,0.29,4968.0
1.0,2.0,0.0,2.0,1.0,1.0,-1.0,1.0,53.79,0.36,1530.0
3.0,7.0,0.0,6.0,0.0,1.0,28.0,29.0,58.5,0.21,5923.0
1.0,3.0,0.0,2.0,1.0,1.0,1.0,5.0,45.67,0.2,3956.0
4.0,9.0,0.0,1.0,1.0,2.0,26.0,26.0,84.83,0.11,4630.0
1.0,1.0,0.0,4.0,1.0,2.0,1.0,5.0,53.83,0.2,1927.0
2.0,4.0,0.0,1.0,1.0,2.0,,25.0,71.7,0.32,3348.0
3.0,8.0,0.0,6.0,0.0,1.0,35.0,36.0,61.33,0.26,3569.0
3.0,7.0,0.0,2.0,1.0,1.0,34.0,33.0,54.08,0.2,4590.0
3.0,7.0,0.0,0.0,0.0,1.0,30.0,31.0,62.38,0.17,6597.0
4.0,11.0,0.0,5.0,1.0,2.0,10.0,14.0,62.25,0.27,4046.0
2.0,4.0,0.0,2.0,1.0,2.0,11.0,14.0,64.21,0.39,1795.0
2.0,5.0,0.0,2.0,1.0,2.0,20.0,23.0,83.79,0.28,4123.0
2.0,5.0,0.0,0.0,0.0,1.0,27.0,28.0,81.88,0.21,4788.0
2.0,4.0,0.0,6.0,0.0,2.0,5.0,9.0,65.38,0.2,2252.0
1.0,2.0,0.0,5.0,1.0,1.0,7.0,11.0,63.46,0.21,4154.0
1.0,2.0,0.0,0.0,0.0,1.0,3.0,6.0,41.0,0.21,3389.0
1.0,12.0,0.0,0.0,0.0,1.0,2.0,7.0,68.13,0.16,754.0
4.0,12.0,0.0,4.0,1.0,2.0,6.0,10.0,66.79,0.13,4128.0
1.0,3.0,0.0,6.0,0.0,1.0,6.0,10.0,59.46,0.22,2132.0
3.0,9.0,1.0,1.0,0.0,1.0,30.0,31.0,79.08,0.15,6034.0
1.0,1.0,0.0,1.0,1.0,1.0,-9.0,-4.0,49.17,0.16,1416.0
1.0,1.0,0.0,4.0,1.0,1.0,-3.0,1.0,49.75,0.22,7999.0
1.0,1.0,0.0,2.0,1.0,2.0,-4.0,1.0,68.64,0.12,1263.0
3.0,8.0,0.0,2.0,1.0,1.0,31.0,32.0,68.67,0.17,6784.0
2.0,4.0,0.0,5.0,1.0,1.0,17.0,20.0,45.71,0.24,4595.0
3.0,9.0,0.0,0.0,0.0,1.0,17.0,20.0,69.5,0.18,4274.0
3.0,9.0,0.0,4.0,1.0,2.0,21.0,24.0,70.92,0.27,3659.0
3.0,7.0,0.0,4.0,1.0,1.0,34.0,36.0,59.67,0.28,6861.0
4.0,10.0,0.0,6.0,0.0,2.0,11.0,15.0,75.38,0.29,2429.0
3.0,8.0,0.0,5.0,1.0,1.0,31.0,4.0,57.08,0.23,7148.0
1.0,3.0,0.0,5.0,,2.0,11.0,14.0,40.71,0.41,4569.0
2.0,6.0,0.0,6.0,0.0,1.0,25.0,26.0,45.62,0.12,5342.0
3.0,8.0,0.0,2.0,1.0,1.0,25.0,26.0,54.83,0.13,5204.0
2.0,4.0,0.0,6.0,0.0,2.0,7.0,11.0,87.75,0.13,2455.0
1.0,1.0,0.0,1.0,1.0,2.0,-1.0,4.0,91.12,0.11,2432.0
4.0,12.0,0.0,0.0,0.0,1.0,0.0,4.0,58.63,0.17,2431.0
1.0,2.0,0.0,4.0,1.0,1.0,2.0,6.0,56.21,0.19,3830.0
3.0,9.0,0.0,4.0,1.0,2.0,29.0,30.0,81.04,0.14,6203.0
4.0,12.0,0.0,1.0,1.0,1.0,0.0,6.0,67.08,0.06,3310.0
1.0,1.0,0.0,3.0,1.0,2.0,2.0,7.0,84.75,0.13,2177.0
4.0,10.0,0.0,3.0,1.0,2.0,16.0,19.0,72.04,0.15,3894.0
4.0,9.0,0.0,0.0,0.0,1.0,18.0,22.0,58.33,0.13,6889.0
3.0,8.0,0.0,1.0,1.0,2.0,25.0,27.0,73.42,0.13,2250.0
4.0,11.0,0.0,2.0,1.0,2.0,7.0,9.0,66.29,0.34,4094.0
3.0,7.0,0.0,3.0,1.0,1.0,31.0,30.0,45.0,0.16,8173.0
1.0,3.0,0.0,3.0,1.0,1.0,10.0,13.0,51.33,0.35,4916.0
4.0,11.0,0.0,2.0,1.0,2.0,9.0,13.0,68.5,0.08,5634.0
3.0,8.0,0.0,6.0,0.0,2.0,29.0,29.0,73.29,0.21,6299.0
4.0,11.0,0.0,3.0,1.0,1.0,9.0,14.0,71.88,0.08,4186.0
,4.0,0.0,5.0,1.0,1.0,18.0,21.0,69.46,0.15,7290.0
3.0,9.0,0.0,5.0,1.0,1.0,25.0,26.0,67.25,0.1,8009.0
3.0,6.0,0.0,0.0,0.0,1.0,28.0,29.0,51.33,0.09,5305.0
1.0,2.0,0.0,6.0,0.0,1.0,7.0,11.0,53.46,0.19,4318.0
3.0,6.0,0.0,3.0,1.0,1.0,31.0,30.0,49.79,0.26,5225.0
4.0,10.0,0.0,1.0,1.0,2.0,20.0,23.0,70.75,0.3,5875.0
4.0,11.0,0.0,0.0,0.0,1.0,7.0,10.0,69.29,0.23,4669.0
2.0,4.0,0.0,4.0,1.0,1.0,16.0,20.0,61.25,0.07,6565.0
3.0,9.0,0.0,1.0,1.0,2.0,22.0,24.0,73.46,0.15,6869.0
2.0,6.0,0.0,2.0,1.0,1.0,23.0,26.0,50.71,0.27,4891.0
4.0,11.0,0.0,1.0,1.0,1.0,18.0,22.0,58.71,0.31,4486.0
2.0,6.0,0.0,3.0,1.0,2.0,33.0,34.0,67.71,0.21,3974.0
3.0,9.0,0.0,2.0,1.0,1.0,21.0,24.0,52.0,0.09,7767.0
2.0,5.0,0.0,2.0,1.0,2.0,24.0,25.0,65.96,0.16,5740.0
4.0,11.0,0.0,0.0,0.0,1.0,12.0,16.0,65.92,0.13,6852.0
1.0,2.0,0.0,,1.0,2.0,10.0,14.0,67.29,0.19,3761.0
2.0,6.0,0.0,5.0,1.0,1.0,26.0,27.0,73.58,0.14,4844.0
4.0,10.0,0.0,3.0,1.0,1.0,19.0,22.0,64.79,0.18,4826.0
2.0,3.0,0.0,4.0,1.0,3.0,2.0,5.0,91.83,0.22,1685.0
1.0,3.0,0.0,0.0,0.0,1.0,6.0,8.0,40.33,0.33,3423.0
3.0,8.0,0.0,4.0,1.0,1.0,32.0,34.0,65.96,0.13,7261.0
3.0,8.0,0.0,2.0,1.0,1.0,29.0,30.0,57.83,0.24,4725.0
1.0,2.0,0.0,4.0,1.0,2.0,4.0,7.0,69.74,0.25,1807.0
,11.0,0.0,2.0,1.0,3.0,11.0,16.0,96.25,0.12,1607.0
1.0,2.0,0.0,5.0,1.0,2.0,11.0,15.0,73.75,0.24,3487.0
2.0,4.0,0.0,1.0,1.0,1.0,23.0,25.0,77.67,0.19,4073.0
1.0,2.0,0.0,5.0,1.0,2.0,-2.0,3.0,58.52,0.13,1708.0
4.0,11.0,0.0,3.0,1.0,1.0,10.0,15.0,75.83,0.06,4109.0
2.0,5.0,0.0,6.0,0.0,1.0,23.0,25.0,62.67,0.12,5805.0
3.0,7.0,0.0,2.0,1.0,1.0,32.0,34.0,65.5,0.21,7592.0
3.0,7.0,0.0,2.0,1.0,1.0,34.0,33.0,49.21,0.13,6660.0
1.0,1.0,1.0,1.0,0.0,1.0,-3.0,1.0,52.25,0.23,2298.0
1.0,12.0,1.0,1.0,0.0,1.0,5.0,9.0,50.7,0.24,1317.0
4.0,10.0,0.0,1.0,1.0,2.0,18.0,21.0,64.92,0.09,6778.0
3.0,8.0,0.0,6.0,0.0,2.0,27.0,28.0,71.29,0.24,6053.0
2.0,4.0,1.0,1.0,0.0,1.0,27.0,28.0,56.17,0.28,6370.0
3.0,9.0,0.0,5.0,1.0,1.0,29.0,30.0,73.62,0.17,7504.0
2.0,4.0,0.0,5.0,1.0,2.0,6.0,9.0,72.96,0.22,1683.0
1.0,1.0,0.0,2.0,1.0,1.0,7.0,11.0,83.58,0.12,4339.0
1.0,2.0,0.0,4.0,1.0,1.0,-6.0,-2.0,43.74,0.22,1538.0
2.0,4.0,0.0,0.0,0.0,3.0,10.0,14.0,83.54,,1027.0
2.0,6.0,0.0,6.0,0.0,1.0,30.0,30.0,43.71,0.14,7498.0
1.0,12.0,0.0,4.0,1.0,2.0,1.0,3.0,65.29,0.35,2114.0
4.0,10.0,0.0,3.0,1.0,3.0,19.0,22.0,90.62,0.25,2416.0
4.0,12.0,0.0,0.0,0.0,1.0,-1.0,5.0,49.0,0.07,2743.0
1.0,2.0,0.0,6.0,0.0,3.0,-1.0,2.0,73.12,0.29,2169.0
4.0,10.0,0.0,3.0,1.0,1.0,22.0,24.0,63.62,0.07,7693.0
2.0,3.0,0.0,1.0,1.0,2.0,12.0,15.0,73.74,0.29,2077.0
2.0,4.0,0.0,1.0,1.0,1.0,12.0,16.0,50.43,0.31,5936.0
2.0,5.0,0.0,3.0,1.0,2.0,11.0,14.0,73.71,0.33,2633.0
1.0,3.0,0.0,0.0,0.0,1.0,8.0,,47.7,0.22,4911.0
2.0,4.0,0.0,6.0,0.0,2.0,9.0,13.0,48.96,0.13,4220.0
1.0,12.0,0.0,0.0,0.0,1.0,1.0,4.0,48.33,0.35,1796.0
3.0,9.0,0.0,3.0,1.0,1.0,27.0,28.0,69.71,0.17,4785.0
3.0,8.0,0.0,2.0,1.0,1.0,34.0,34.0,49.12,0.21,4845.0
2.0,4.0,0.0,2.0,1.0,2.0,17.0,20.0,73.92,0.27,2034.0
4.0,11.0,0.0,4.0,1.0,2.0,9.0,13.0,81.33,0.19,2933.0
1.0,1.0,0.0,2.0,1.0,1.0,10.0,13.0,41.67,0.26,4509.0
2.0,3.0,0.0,5.0,1.0,1.0,2.0,5.0,49.5,0.23,2210.0
3.0,7.0,0.0,6.0,0.0,1.0,33.0,33.0,61.33,0.16,6685.0
3.0,6.0,0.0,4.0,1.0,1.0,32.0,32.0,42.25,0.17,2264.0
4.0,11.0,0.0,5.0,1.0,1.0,2.0,6.0,41.0,0.17,3392.0
3.0,8.0,0.0,3.0,1.0,1.0,30.0,31.0,67.75,0.14,7580.0
3.0,7.0,0.0,1.0,1.0,1.0,32.0,34.0,75.71,0.09,3840.0
2.0,5.0,0.0,5.0,1.0,2.0,17.0,20.0,86.33,0.18,9696.0
2.0,6.0,0.0,3.0,1.0,1.0,34.0,34.0,59.21,0.11,6211.0
3.0,9.0,0.0,3.0,1.0,1.0,23.0,25.0,57.71,0.13,7870.0
3.0,8.0,0.0,5.0,1.0,1.0,29.0,31.0,76.12,0.08,4661.0
4.0,11.0,0.0,1.0,1.0,1.0,5.0,10.0,53.54,0.05,5087.0
3.0,7.0,0.0,3.0,1.0,1.0,30.0,32.0,74.33,0.15,4629.0
1.0,1.0,0.0,1.0,1.0,1.0,-3.0,1.0,43.73,0.25,1349.0
3.0,7.0,0.0,5.0,1.0,1.0,38.0,42.0,58.04,0.13,3387.0
1.0,1.0,0.0,3.0,1.0,1.0,4.0,8.0,64.38,0.16,4270.0
4.0,11.0,0.0,5.0,1.0,1.0,8.0,11.0,54.08,0.21,5992.0
3.0,6.0,0.0,5.0,1.0,1.0,34.0,35.0,57.38,0.18,5823.0
1.0,,0.0,2.0,1.0,2.0,5.0,9.0,65.57,0.18,2056.0
1.0,3.0,0.0,0.0,0.0,1.0,6.0,10.0,47.38,0.21,2471.0
,12.0,0.0,0.0,0.0,2.0,7.0,12.0,82.33,0.12,4649.0
1.0,2.0,0.0,0.0,0.0,1.0,3.0,6.0,40.78,0.22,1812.0
2.0,5.0,0.0,3.0,1.0,2.0,20.0,22.0,87.0,0.2,3855.0
1.0,12.0,0.0,1.0,1.0,2.0,-1.0,3.0,57.75,0.15,2729.0
4.0,11.0,0.0,6.0,0.0,1.0,6.0,9.0,50.21,0.22,3663.0
2.0,5.0,0.0,2.0,1.0,1.0,19.0,22.0,48.92,0.12,4803.0
2.0,4.0,0.0,4.0,1.0,2.0,16.0,19.0,75.67,0.18,5026.0
1.0,3.0,0.0,4.0,1.0,3.0,10.0,13.0,0.0,0.26,623.0
3.0,8.0,0.0,4.0,1.0,1.0,30.0,31.0,65.46,0.23,3805.0
3.0,6.0,0.0,1.0,1.0,2.0,28.0,29.0,65.83,0.11,4708.0
2.0,5.0,0.0,1.0,1.0,1.0,19.0,22.0,58.88,0.18,4362.0
3.0,7.0,0.0,4.0,1.0,2.0,36.0,41.0,69.12,0.22,3784.0
1.0,1.0,0.0,6.0,0.0,2.0,-5.0,-1.0,53.58,0.27,959.0
3.0,7.0,0.0,2.0,1.0,1.0,30.0,31.0,70.42,0.17,7216.0
3.0,6.0,0.0,4.0,1.0,2.0,31.0,33.0,70.33,0.24,4790.0
4.0,10.0,0.0,1.0,1.0,3.0,13.0,17.0,88.0,0.36,22.0
1.0,2.0,0.0,1.0,1.0,1.0,-1.0,3.0,41.12,0.17,3422.0
2.0,6.0,0.0,5.0,1.0,1.0,33.0,33.0,60.5,0.14,4586.0
3.0,9.0,1.0,1.0,0.0,2.0,27.0,28.0,79.04,0.21,3351.0
1.0,3.0,0.0,2.0,1.0,1.0,20.0,23.0,80.79,0.12,6093.0
2.0,4.0,0.0,4.0,1.0,1.0,14.0,18.0,40.71,0.33,4189.0
1.0,12.0,1.0,2.0,0.0,2.0,3.0,8.0,73.48,0.17,1013.0
3.0,6.0,0.0,6.0,0.0,1.0,29.0,30.0,48.33,0.21,5202.0
4.0,10.0,0.0,5.0,1.0,1.0,24.0,26.0,62.75,0.11,8156.0
2.0,5.0,0.0,3.0,1.0,2.0,24.0,26.0,77.46,0.1,5260.0
4.0,10.0,0.0,6.0,0.0,2.0,18.0,21.0,72.0,0.24,7852.0
4.0,12.0,0.0,6.0,0.0,1.0,2.0,6.0,50.75,0.23,3190.0
3.0,8.0,0.0,4.0,1.0,1.0,33.0,33.0,62.04,0.16,7286.0
1.0,3.0,0.0,3.0,1.0,2.0,4.0,7.0,77.54,0.22,1891.0
2.0,4.0,0.0,5.0,1.0,2.0,6.0,9.0,83.62,0.23,1471.0
1.0,1.0,0.0,0.0,0.0,1.0,-9.0,-5.0,43.65,0.25,986.0
2.0,4.0,0.0,0.0,0.0,1.0,14.0,17.0,58.71,0.12,2358.0
3.0,9.0,0.0,3.0,1.0,1.0,20.0,23.0,53.67,0.22,7591.0
2.0,4.0,0.0,5.0,1.0,1.0,,18.0,40.08,0.35,6233.0
2.0,4.0,0.0,2.0,1.0,2.0,17.0,20.0,66.58,0.16,3204.0
1.0,1.0,0.0,0.0,0.0,1.0,-6.0,-4.0,43.42,0.36,822.0
4.0,10.0,0.0,1.0,1.0,1.0,6.0,11.0,70.33,0.11,3669.0
1.0,1.0,0.0,6.0,0.0,2.0,7.0,12.0,80.58,0.16,985.0
4.0,9.0,0.0,3.0,1.0,2.0,25.0,25.0,84.88,0.15,3907.0
2.0,5.0,0.0,4.0,1.0,2.0,20.0,23.0,76.83,0.13,6421.0
4.0,9.0,0.0,1.0,1.0,,17.0,21.0,49.29,0.14,7436.0
3.0,7.0,0.0,3.0,1.0,1.0,33.0,36.0,70.71,,4332.0
1.0,1.0,0.0,3.0,1.0,1.0,-1.0,3.0,43.7,0.19,1600.0
4.0,12.0,0.0,5.0,1.0,1.0,3.0,8.0,64.29,0.13,5611.0
2.0,4.0,0.0,4.0,1.0,1.0,14.0,18.0,,0.11,3267.0
2.0,4.0,0.0,3.0,1.0,2.0,24.0,25.0,83.54,0.31,3872.0
2.0,6.0,0.0,0.0,0.0,1.0,23.0,25.0,49.33,0.18,7641.0
2.0,6.0,0.0,0.0,0.0,2.0,26.0,28.0,65.25,0.14,4906.0
2.0,4.0,0.0,0.0,0.0,1.0,14.0,17.0,47.96,0.3,3744.0
1.0,1.0,0.0,4.0,1.0,1.0,2.0,7.0,52.42,0.13,3272.0
1.0,3.0,0.0,2.0,1.0,1.0,3.0,8.0,42.08,0.12,2133.0
1.0,3.0,0.0,1.0,1.0,1.0,0.0,4.0,50.62,0.23,8859.0
1.0,1.0,0.0,1.0,1.0,1.0,-5.0,-1.0,48.29,0.22,1321.0
1.0,1.0,0.0,3.0,1.0,1.0,4.0,6.0,44.33,0.42,3376.0
1.0,12.0,0.0,3.0,1.0,1.0,4.0,7.0,50.39,0.29,2302.0
1.0,12.0,0.0,6.0,0.0,1.0,4.0,8.0,54.25,0.19,1011.0
1.0,3.0,0.0,6.0,0.0,2.0,,13.0,78.92,0.25,2077.0
3.0,7.0,0.0,5.0,1.0,2.0,30.0,31.0,75.79,0.23,4040.0
2.0,5.0,0.0,5.0,1.0,1.0,15.0,19.0,59.0,0.23,4608.0
1.0,3.0,0.0,3.0,1.0,1.0,6.0,9.0,44.96,0.31,2134.0
4.0,11.0,1.0,5.0,0.0,1.0,5.0,8.0,44.62,0.31,8872.0
4.0,11.0,0.0,1.0,1.0,1.0,5.0,8.0,49.42,0.24,5259.0
4.0,11.0,0.0,6.0,0.0,2.0,7.0,9.0,49.12,0.27,5138.0
3.0,8.0,0.0,2.0,1.0,2.0,31.0,,70.38,0.12,7273.0
3.0,8.0,0.0,5.0,1.0,2.0,33.0,35.0,64.25,0.22,7175.0
2.0,5.0,0.0,0.0,0.0,2.0,20.0,23.0,86.71,0.15,4553.0
1.0,1.0,0.0,6.0,0.0,1.0,10.0,14.0,53.17,0.17,4521.0
1.0,1.0,0.0,0.0,0.0,2.0,8.0,11.0,69.61,0.25,801.0
2.0,5.0,0.0,,1.0,1.0,21.0,24.0,78.79,0.13,3958.0
4.0,10.0,0.0,1.0,1.0,1.0,14.0,18.0,77.21,0.12,4187.0
1.0,1.0,0.0,1.0,1.0,2.0,-1.0,5.0,70.17,0.1,2376.0
1.0,2.0,0.0,3.0,1.0,1.0,5.0,9.0,42.35,0.25,2115.0
3.0,7.0,0.0,3.0,1.0,1.0,32.0,32.0,63.17,0.15,4342.0
1.0,12.0,0.0,5.0,1.0,1.0,9.0,13.0,68.62,0.27,2209.0
2.0,4.0,0.0,6.0,0.0,3.0,12.0,16.0,88.83,0.34,795.0
1.0,1.0,0.0,2.0,1.0,2.0,9.0,12.0,71.61,0.35,2935.0
3.0,7.0,0.0,4.0,1.0,1.0,30.0,30.0,52.96,0.15,7446.0
3.0,6.0,0.0,2.0,1.0,1.0,32.0,33.0,63.42,0.14,4648.0
2.0,5.0,0.0,4.0,1.0,1.0,28.0,29.0,49.29,0.2,7338.0
2.0,4.0,0.0,0.0,0.0,1.0,9.0,13.0,48.0,0.18,3249.0
3.0,6.0,0.0,2.0,1.0,1.0,25.0,26.0,37.33,0.35,7442.0
1.0,2.0,0.0,2.0,1.0,2.0,5.0,10.0,50.88,0.14,3922.0
2.0,6.0,0.0,1.0,1.0,2.0,30.0,31.0,58.79,0.21,6664.0
3.0,7.0,0.0,6.0,0.0,1.0,31.0,31.0,60.92,0.17,5336.0
1.0,1.0,0.0,2.0,1.0,2.0,-1.0,4.0,61.7,0.13,1985.0
1.0,2.0,0.0,1.0,1.0,1.0,3.0,8.0,62.22,0.15,3784.0
,11.0,0.0,4.0,1.0,1.0,11.0,15.0,70.21,0.14,8839.0
1.0,2.0,0.0,3.0,1.0,2.0,1.0,6.0,72.29,0.13,2802.0
2.0,5.0,0.0,4.0,1.0,1.0,14.0,17.0,44.42,0.3,4433.0
4.0,10.0,0.0,4.0,1.0,1.0,15.0,18.0,63.62,0.42,4195.0
2.0,5.0,1.0,1.0,0.0,1.0,30.0,32.0,67.62,0.2,6043.0
1.0,1.0,0.0,5.0,1.0,2.0,-2.0,3.0,79.3,0.12,1167.0
4.0,12.0,0.0,5.0,1.0,1.0,3.0,9.0,69.58,0.08,3620.0
1.0,1.0,0.0,6.0,0.0,1.0,-3.0,2.0,65.17,0.15,1098.0
3.0,7.0,0.0,4.0,1.0,1.0,34.0,36.0,58.33,0.18,4390.0
3.0,9.0,0.0,6.0,0.0,2.0,32.0,33.0,63.83,0.11,6140.0
1.0,1.0,0.0,0.0,0.0,1.0,-4.0,-1.0,41.92,0.25,2311.0
1.0,2.0,0.0,0.0,0.0,1.0,3.0,7.0,56.83,0.14,1623.0
1.0,3.0,0.0,4.0,1.0,1.0,20.0,23.0,57.96,0.15,6192.0
1.0,12.0,0.0,3.0,1.0,2.0,12.0,16.0,85.83,0.22,8509.0
2.0,5.0,0.0,5.0,1.0,1.0,19.0,22.0,36.04,0.24,7030.0
1.0,1.0,1.0,1.0,0.0,1.0,2.0,5.0,38.13,0.33,6801.0
4.0,10.0,0.0,0.0,0.0,2.0,15.0,18.0,69.46,0.4,4459.0
4.0,11.0,0.0,4.0,1.0,2.0,7.0,9.0,57.58,0.31,3053.0
2.0,6.0,0.0,0.0,0.0,2.0,29.0,30.0,66.67,0.1,4744.0
2.0,5.0,0.0,4.0,1.0,2.0,18.0,21.0,82.96,0.11,4575.0
4.0,9.0,0.0,5.0,1.0,1.0,21.0,23.0,64.75,0.21,5202.0
4.0,11.0,0.0,0.0,0.0,1.0,6.0,10.0,53.29,0.18,5107.0
2.0,6.0,0.0,6.0,0.0,1.0,31.0,32.0,65.46,0.15,4966.0
4.0,10.0,0.0,6.0,0.0,3.0,1.0,3.0,88.25,0.35,627.0
4.0,10.0,0.0,0.0,0.0,1.0,12.0,16.0,74.12,0.1,4381.0
4.0,10.0,0.0,1.0,1.0,1.0,16.0,19.0,56.83,0.08,7058.0
1.0,2.0,0.0,2.0,1.0,1.0,7.0,12.0,49.62,0.15,4375.0
4.0,10.0,0.0,4.0,1.0,2.0,15.0,18.0,81.29,0.2,2659.0
1.0,1.0,0.0,6.0,0.0,1.0,-11.0,-6.0,40.0,0.17,981.0
2.0,5.0,0.0,3.0,1.0,2.0,26.0,28.0,67.0,0.13,6855.0
2.0,3.0,0.0,4.0,1.0,2.0,3.0,6.0,80.58,0.24,7352.0
3.0,8.0,0.0,5.0,1.0,2.0,30.0,31.0,71.58,0.24,5786.0
3.0,8.0,0.0,0.0,0.0,2.0,28.0,28.0,81.75,0.22,8730.0
4.0,11.0,0.0,1.0,1.0,1.0,10.0,14.0,75.88,0.06,4035.0
4.0,10.0,0.0,5.0,1.0,1.0,24.0,26.0,62.75,0.11,8156.0
2.0,5.0,0.0,1.0,1.0,2.0,20.0,23.0,73.0,0.18,4401.0
3.0,7.0,0.0,1.0,1.0,1.0,31.0,32.0,66.88,0.15,7105.0
3.0,7.0,0.0,1.0,1.0,1.0,34.0,33.0,44.71,0.2,6227.0
2.0,5.0,0.0,4.0,1.0,1.0,19.0,22.0,74.75,0.19,4864.0
3.0,9.0,0.0,2.0,1.0,3.0,19.0,21.0,,0.34,2710.0
1.0,2.0,0.0,4.0,1.0,1.0,14.0,17.0,55.46,0.19,5062.0
3.0,8.0,0.0,0.0,0.0,2.0,26.0,27.0,84.58,0.23,5255.0
3.0,9.0,0.0,4.0,1.0,3.0,25.0,24.0,93.96,0.19,1842.0
4.0,11.0,0.0,6.0,0.0,1.0,7.0,12.0,55.29,0.21,4067.0
4.0,11.0,0.0,0.0,0.0,1.0,7.0,12.0,73.46,0.09,3649.0
2.0,5.0,0.0,1.0,1.0,2.0,23.0,25.0,81.12,0.23,4359.0
3.0,8.0,0.0,6.0,0.0,2.0,28.0,30.0,72.96,0.21,
2.0,5.0,0.0,6.0,0.0,2.0,24.0,26.0,75.67,0.15,6883.0
4.0,10.0,0.0,2.0,1.0,1.0,16.0,19.0,71.0,0.21,4456.0
2.0,5.0,0.0,0.0,0.0,1.0,18.0,22.0,63.17,0.07,4333.0
2.0,5.0,0.0,4.0,1.0,1.0,26.0,27.0,71.67,0.17,6770.0
3.0,8.0,0.0,2.0,1.0,1.0,34.0,35.0,57.04,0.15,4602.0
3.0,9.0,0.0,5.0,1.0,1.0,23.0,25.0,66.88,0.15,8167.0
2.0,4.0,0.0,6.0,0.0,2.0,14.0,17.0,88.79,0.23,4036.0
2.0,6.0,0.0,3.0,1.0,1.0,24.0,26.0,47.17,0.17,5180.0
1.0,12.0,0.0,5.0,1.0,1.0,5.0,9.0,63.67,0.13,2999.0
1.0,2.0,0.0,5.0,1.0,2.0,3.0,7.0,54.0,0.12,3831.0
2.0,6.0,0.0,0.0,0.0,1.0,22.0,25.0,59.88,0.14,6978.0
4.0,9.0,0.0,3.0,1.0,1.0,25.0,27.0,63.08,0.24,7733.0
2.0,3.0,0.0,5.0,1.0,2.0,8.0,13.0,58.08,0.14,5459.0
2.0,4.0,0.0,0.0,0.0,1.0,23.0,25.0,50.79,0.23,7132.0
3.0,7.0,0.0,2.0,1.0,1.0,32.0,33.0,59.04,0.13,4665.0
4.0,10.0,0.0,2.0,1.0,1.0,15.0,18.0,62.29,0.17,4687.0
4.0,11.0,0.0,5.0,1.0,1.0,9.0,13.0,64.38,0.1,2792.0
1.0,2.0,0.0,5.0,1.0,1.0,5.0,8.0,52.67,0.18,4151.0
4.0,10.0,0.0,0.0,0.0,1.0,17.0,21.0,48.67,0.28,5041.0
3.0,8.0,0.0,3.0,1.0,1.0,28.0,29.0,55.21,0.11,7697.0
4.0,10.0,0.0,6.0,0.0,1.0,20.0,23.0,66.42,0.27,7965.0
3.0,8.0,0.0,4.0,1.0,1.0,30.0,30.0,51.92,0.14,7605.0
2.0,4.0,0.0,0.0,0.0,1.0,16.0,20.0,27.58,0.23,5169.0
1.0,3.0,0.0,1.0,1.0,1.0,1.0,4.0,55.13,0.34,7124.0
2.0,4.0,0.0,6.0,0.0,1.0,21.0,23.0,68.29,0.28,6624.0
4.0,11.0,0.0,1.0,1.0,2.0,9.0,13.0,62.33,0.24,5499.0
4.0,12.0,0.0,1.0,1.0,2.0,9.0,14.0,82.71,0.06,3811.0
3.0,8.0,0.0,3.0,1.0,1.0,27.0,29.0,60.5,0.25,5130.0
,5.0,0.0,4.0,1.0,1.0,17.0,20.0,55.21,0.31,6572.0
4.0,10.0,0.0,3.0,1.0,2.0,26.0,27.0,79.38,0.07,7572.0
2.0,6.0,0.0,6.0,0.0,1.0,25.0,26.0,50.42,0.17,7702.0
1.0,3.0,0.0,3.0,1.0,1.0,21.0,24.0,50.71,0.12,6312.0
2.0,3.0,0.0,3.0,1.0,2.0,18.0,21.0,82.12,0.09,1346.0
3.0,8.0,0.0,2.0,1.0,1.0,26.0,27.0,67.38,0.07,7006.0
2.0,4.0,0.0,3.0,1.0,1.0,22.0,25.0,61.42,0.24,3944.0
1.0,12.0,0.0,4.0,1.0,1.0,1.0,6.0,57.42,0.12,2423.0
2.0,6.0,0.0,2.0,1.0,1.0,30.0,30.0,59.79,0.19,
4.0,12.0,0.0,1.0,1.0,1.0,2.0,7.0,63.75,0.17,3403.0
4.0,12.0,0.0,6.0,0.0,1.0,5.0,10.0,65.04,0.11,5047.0
1.0,3.0,0.0,4.0,1.0,1.0,18.0,22.0,56.75,0.44,2060.0
2.0,4.0,0.0,3.0,1.0,2.0,14.0,18.0,56.92,0.17,4367.0
4.0,9.0,0.0,6.0,0.0,1.0,19.0,22.0,54.29,0.23,5259.0
1.0,12.0,0.0,6.0,0.0,2.0,1.0,4.0,75.29,0.12,1341.0
2.0,4.0,0.0,6.0,0.0,1.0,16.0,20.0,50.29,0.19,7460.0
4.0,10.0,0.0,5.0,1.0,2.0,20.0,23.0,81.5,0.13,5424.0
2.0,5.0,0.0,3.0,1.0,1.0,19.0,22.0,63.29,0.12,4182.0
2.0,5.0,0.0,6.0,0.0,1.0,21.0,23.0,48.04,0.12,7429.0
3.0,8.0,0.0,5.0,1.0,1.0,33.0,32.0,58.75,0.17,7350.0
4.0,11.0,0.0,3.0,1.0,1.0,5.0,9.0,61.33,0.27,3613.0
4.0,10.0,0.0,4.0,1.0,2.0,18.0,21.0,72.83,0.24,7509.0
4.0,10.0,0.0,6.0,0.0,1.0,18.0,21.0,70.12,0.05,5409.0
2.0,4.0,0.0,3.0,1.0,2.0,11.0,15.0,81.92,0.25,2162.0
4.0,12.0,0.0,1.0,1.0,2.0,10.0,14.0,90.71,0.1,4585.0
2.0,6.0,0.0,4.0,1.0,1.0,23.0,25.0,56.71,0.16,7494.0
2.0,5.0,0.0,5.0,1.0,1.0,28.0,29.0,65.38,0.24,4679.0
4.0,12.0,0.0,3.0,1.0,2.0,5.0,10.0,66.38,0.06,3740.0
4.0,12.0,0.0,0.0,0.0,1.0,6.0,11.0,77.58,0.08,3485.0
4.0,10.0,0.0,3.0,1.0,2.0,8.0,12.0,66.67,0.17,5566.0
2.0,6.0,0.0,1.0,1.0,2.0,25.0,27.0,74.62,0.16,4010.0
1.0,1.0,0.0,5.0,1.0,1.0,-5.0,1.0,53.78,0.13,6079.0
1.0,3.0,0.0,1.0,1.0,1.0,19.0,23.0,72.88,0.16,6153.0
4.0,11.0,0.0,1.0,1.0,3.0,13.0,17.0,91.0,0.14,2765.0
4.0,11.0,0.0,5.0,1.0,1.0,4.0,9.0,64.96,0.06,5668.0
2.0,5.0,0.0,6.0,0.0,1.0,29.0,29.0,73.25,0.2,6536.0
3.0,6.0,0.0,3.0,1.0,1.0,29.0,29.0,36.0,0.27,1430.0
2.0,5.0,0.0,5.0,1.0,1.0,28.0,29.0,74.71,0.14,6734.0
1.0,3.0,0.0,0.0,0.0,2.0,15.0,18.0,81.0,0.13,5892.0
4.0,10.0,0.0,2.0,1.0,2.0,13.0,17.0,76.17,0.19,6392.0
4.0,10.0,0.0,1.0,1.0,2.0,9.0,14.0,76.08,0.08,3570.0
2.0,4.0,0.0,2.0,1.0,1.0,14.0,18.0,39.67,0.1,6772.0
3.0,8.0,0.0,4.0,1.0,1.0,33.0,33.0,62.04,0.16,7286.0
4.0,12.0,0.0,6.0,0.0,2.0,4.0,9.0,80.67,0.06,5191.0
1.0,2.0,0.0,1.0,1.0,1.0,8.0,,49.08,0.27,4322.0
3.0,9.0,0.0,3.0,1.0,2.0,22.0,24.0,90.0,0.1,4352.0
3.0,7.0,0.0,0.0,0.0,1.0,37.0,39.0,57.38,0.13,4672.0
4.0,10.0,0.0,2.0,1.0,1.0,15.0,18.0,62.29,0.17,4687.0
2.0,6.0,0.0,1.0,1.0,1.0,23.0,25.0,48.71,0.28,6998.0
2.0,4.0,0.0,2.0,1.0,1.0,25.0,26.0,72.92,0.33,4400.0
4.0,11.0,0.0,2.0,1.0,1.0,10.0,14.0,68.38,0.14,4068.0
3.0,8.0,0.0,3.0,1.0,2.0,32.0,34.0,67.29,0.11,7534.0
3.0,8.0,0.0,6.0,0.0,1.0,29.0,30.0,67.42,0.1,5191.0
3.0,7.0,0.0,3.0,1.0,1.0,30.0,30.0,63.33,0.15,7264.0
4.0,10.0,0.0,3.0,1.0,1.0,14.0,17.0,69.29,0.1,
1.0,1.0,0.0,5.0,1.0,1.0,6.0,10.0,54.21,0.17,4098.0
2.0,3.0,0.0,1.0,1.0,1.0,13.0,17.0,47.79,0.39,5558.0
2.0,5.0,0.0,5.0,1.0,1.0,19.0,22.0,71.96,0.13,4917.0
2.0,5.0,0.0,6.0,0.0,2.0,18.0,21.0,92.25,0.13,3409.0
4.0,11.0,0.0,4.0,1.0,1.0,3.0,8.0,55.57,0.12,5323.0
2.0,5.0,0.0,4.0,1.0,1.0,30.0,30.0,67.75,0.2,4677.0
3.0,9.0,0.0,2.0,1.0,2.0,24.0,25.0,87.25,0.36,4073.0
1.0,12.0,0.0,3.0,1.0,3.0,0.0,3.0,82.33,0.32,441.0
3.0,7.0,0.0,2.0,1.0,1.0,34.0,36.0,65.04,0.13,4541.0
3.0,6.0,0.0,1.0,1.0,1.0,30.0,30.0,50.42,0.3,6779.0
4.0,10.0,0.0,6.0,0.0,1.0,16.0,19.0,57.29,0.12,8090.0
3.0,7.0,0.0,0.0,0.0,1.0,37.0,39.0,55.08,0.17,3606.0
2.0,6.0,0.0,1.0,1.0,1.0,28.0,28.0,60.0,0.12,4548.0
3.0,7.0,0.0,6.0,0.0,3.0,23.0,24.0,86.54,0.21,4459.0
2.0,4.0,0.0,4.0,1.0,1.0,13.0,16.0,60.29,0.16,3141.0
1.0,2.0,0.0,3.0,1.0,2.0,1.0,5.0,77.54,0.26,1526.0
2.0,5.0,0.0,1.0,1.0,2.0,19.0,22.0,66.42,0.23,6273.0
2.0,5.0,0.0,,1.0,2.0,22.0,24.0,68.58,0.3,360.0
2.0,5.0,0.0,6.0,0.0,1.0,23.0,25.0,45.62,0.08,8294.0
4.0,11.0,1.0,4.0,0.0,1.0,9.0,12.0,54.92,0.17,1495.0
3.0,7.0,0.0,5.0,1.0,2.0,27.0,28.0,84.42,0.21,5870.0
4.0,12.0,0.0,5.0,1.0,2.0,5.0,9.0,76.42,0.13,5008.0
4.0,12.0,0.0,2.0,1.0,1.0,15.0,19.0,73.38,0.17,6606.0
4.0,12.0,0.0,5.0,1.0,1.0,5.0,10.0,62.58,0.1,3940.0
1.0,3.0,0.0,2.0,1.0,1.0,21.0,23.0,61.75,0.24,5847.0
3.0,7.0,0.0,0.0,0.0,2.0,30.0,31.0,68.25,0.23,4649.0
3.0,7.0,0.0,0.0,0.0,1.0,36.0,35.0,48.08,0.16,4302.0
2.0,4.0,0.0,3.0,1.0,1.0,7.0,10.0,46.96,0.3,4862.0
3.0,6.0,0.0,6.0,0.0,1.0,33.0,32.0,60.12,0.16,5687.0
3.0,7.0,1.0,3.0,0.0,1.0,35.0,35.0,53.87,0.13,7403.0
1.0,2.0,0.0,4.0,1.0,2.0,5.0,10.0,75.29,0.09,3005.0
3.0,9.0,0.0,4.0,1.0,1.0,26.0,28.0,63.92,0.14,5115.0
2.0,5.0,0.0,0.0,0.0,1.0,28.0,29.0,69.71,0.22,
3.0,6.0,0.0,5.0,1.0,1.0,31.0,30.0,57.33,0.22,4991.0
1.0,1.0,0.0,2.0,1.0,2.0,-1.0,4.0,86.17,0.15,683.0
2.0,5.0,0.0,2.0,1.0,2.0,,26.0,69.71,0.34,4451.0
4.0,12.0,0.0,2.0,1.0,2.0,7.0,10.0,59.67,0.3,5501.0
1.0,1.0,0.0,3.0,1.0,2.0,-8.0,-3.0,41.46,0.18,2368.0
2.0,6.0,0.0,4.0,1.0,2.0,36.0,37.0,56.83,0.15,915.0
1.0,1.0,0.0,4.0,1.0,1.0,-2.0,4.0,51.83,0.09,1606.0
4.0,10.0,0.0,2.0,1.0,3.0,22.0,23.0,87.17,0.1,4639.0
3.0,6.0,0.0,4.0,1.0,1.0,29.0,29.0,43.42,0.19,5515.0
1.0,2.0,0.0,3.0,1.0,1.0,15.0,18.0,50.79,0.19,4579.0
1.0,12.0,0.0,0.0,0.0,1.0,0.0,5.0,51.54,0.13,1787.0
1.0,1.0,0.0,0.0,0.0,1.0,-1.0,5.0,72.22,0.07,1096.0
4.0,10.0,0.0,5.0,1.0,1.0,17.0,21.0,68.42,0.02,4985.0
2.0,4.0,0.0,6.0,0.0,1.0,13.0,16.0,25.42,0.27,6857.0
4.0,11.0,0.0,3.0,1.0,3.0,14.0,17.0,93.0,0.14,1817.0
2.0,6.0,0.0,6.0,0.0,1.0,29.0,30.0,67.04,0.12,5119.0
3.0,9.0,0.0,1.0,1.0,1.0,26.0,27.0,69.22,0.09,4713.0
4.0,10.0,0.0,2.0,1.0,1.0,19.0,22.0,64.17,0.09,7466.0
4.0,10.0,0.0,4.0,1.0,1.0,16.0,19.0,62.08,0.13,4765.0
4.0,10.0,1.0,1.0,0.0,2.0,9.0,13.0,70.96,0.19,5478.0
4.0,12.0,0.0,4.0,1.0,1.0,4.0,8.0,48.58,0.17,5532.0
4.0,11.0,0.0,0.0,0.0,2.0,14.0,18.0,68.46,0.19,3520.0
3.0,7.0,0.0,2.0,1.0,1.0,34.0,36.0,65.04,0.13,4541.0
4.0,10.0,0.0,0.0,0.0,1.0,5.0,9.0,62.38,0.18,3331.0
2.0,5.0,0.0,4.0,1.0,1.0,22.0,25.0,52.0,0.23,7384.0
3.0,8.0,0.0,1.0,1.0,1.0,29.0,30.0,73.04,0.13,6917.0
1.0,2.0,0.0,3.0,1.0,1.0,7.0,11.0,53.12,0.18,4169.0
2.0,3.0,0.0,1.0,1.0,1.0,2.0,5.0,30.22,0.21,2028.0
4.0,10.0,0.0,4.0,1.0,2.0,26.0,27.0,72.29,0.12,7328.0
3.0,8.0,0.0,4.0,1.0,1.0,30.0,30.0,59.04,0.08,7713.0
1.0,1.0,0.0,,0.0,1.0,8.0,13.0,69.25,0.19,2294.0
3.0,8.0,0.0,4.0,1.0,1.0,29.0,29.0,63.58,0.08,
3.0,8.0,0.0,1.0,1.0,1.0,27.0,28.0,71.21,0.21,4338.0
1.0,3.0,0.0,5.0,1.0,2.0,12.0,16.0,84.21,0.11,4378.0
4.0,12.0,0.0,4.0,1.0,1.0,1.0,5.0,50.88,0.17,5375.0
1.0,3.0,0.0,1.0,1.0,1.0,5.0,10.0,49.7,0.14,2046.0
3.0,9.0,0.0,4.0,1.0,1.0,19.0,23.0,61.83,0.12,7720.0
1.0,1.0,0.0,4.0,1.0,1.0,-3.0,3.0,68.75,0.11,431.0
2.0,,0.0,2.0,1.0,1.0,28.0,30.0,69.0,0.15,6825.0
2.0,5.0,0.0,1.0,1.0,2.0,25.0,26.0,81.0,0.23,4274.0
,5.0,0.0,4.0,1.0,1.0,17.0,20.0,55.21,0.31,6572.0
4.0,12.0,0.0,4.0,1.0,1.0,5.0,8.0,52.46,0.22,3727.0
3.0,7.0,0.0,5.0,1.0,1.0,31.0,30.0,39.62,0.1,5362.0
1.0,2.0,0.0,,1.0,2.0,10.0,14.0,67.29,0.19,3761.0
3.0,8.0,0.0,1.0,1.0,1.0,30.0,31.0,54.54,0.14,6883.0
4.0,10.0,0.0,2.0,1.0,1.0,15.0,18.0,55.83,0.18,7534.0
3.0,7.0,0.0,0.0,0.0,1.0,30.0,31.0,60.42,0.25,5302.0
2.0,5.0,0.0,2.0,1.0,1.0,31.0,31.0,68.46,0.3,5743.0
2.0,5.0,0.0,0.0,0.0,2.0,13.0,17.0,76.21,0.11,3351.0
4.0,9.0,0.0,0.0,0.0,1.0,18.0,22.0,46.71,0.22,7907.0
4.0,10.0,0.0,2.0,1.0,2.0,21.0,23.0,80.88,0.14,4563.0
1.0,1.0,0.0,5.0,1.0,1.0,2.0,5.0,50.75,0.38,8961.0
3.0,8.0,0.0,4.0,1.0,1.0,30.0,30.0,42.38,0.16,4792.0
3.0,7.0,0.0,1.0,1.0,1.0,33.0,35.0,64.5,0.16,6830.0
2.0,5.0,0.0,3.0,1.0,1.0,21.0,23.0,79.71,0.14,6169.0
1.0,1.0,0.0,2.0,1.0,1.0,-2.0,2.0,59.04,0.16,1562.0
3.0,8.0,0.0,3.0,1.0,1.0,30.0,30.0,61.96,0.17,7347.0
1.0,1.0,0.0,3.0,1.0,2.0,3.0,8.0,74.17,0.21,1650.0
3.0,8.0,0.0,0.0,0.0,1.0,29.0,30.0,53.04,0.12,6544.0
3.0,7.0,0.0,4.0,1.0,1.0,28.0,29.0,47.62,0.24,5084.0
1.0,3.0,0.0,5.0,1.0,1.0,19.0,22.0,52.52,0.23,3239.0
3.0,8.0,0.0,1.0,1.0,1.0,33.0,33.0,59.21,0.19,4326.0
1.0,3.0,0.0,6.0,0.0,2.0,17.0,21.0,75.58,0.11,7836.0
4.0,11.0,0.0,4.0,1.0,1.0,7.0,11.0,33.35,0.35,5315.0
2.0,6.0,0.0,4.0,1.0,2.0,25.0,27.0,68.83,0.21,3767.0
1.0,12.0,0.0,6.0,0.0,1.0,11.0,15.0,61.58,0.22,2485.0
1.0,2.0,0.0,0.0,0.0,1.0,7.0,11.0,68.0,0.13,2402.0
3.0,8.0,0.0,5.0,1.0,1.0,30.0,30.0,41.5,0.13,4905.0
3.0,9.0,0.0,5.0,1.0,2.0,26.0,27.0,72.71,0.14,4727.0
3.0,8.0,0.0,3.0,1.0,1.0,27.0,28.0,67.71,0.07,7375.0
1.0,2.0,0.0,5.0,1.0,1.0,-3.0,2.0,50.64,0.11,1746.0
1.0,3.0,0.0,3.0,1.0,2.0,8.0,12.0,77.65,0.2,2192.0
1.0,2.0,0.0,2.0,1.0,1.0,2.0,5.0,31.43,0.29,1815.0
3.0,9.0,0.0,6.0,0.0,1.0,26.0,27.0,64.67,0.28,8395.0
4.0,11.0,0.0,2.0,1.0,2.0,18.0,21.0,68.88,0.2,4195.0
1.0,1.0,0.0,5.0,1.0,1.0,-4.0,-1.0,45.71,0.35,1543.0
3.0,7.0,1.0,1.0,0.0,2.0,31.0,31.0,63.79,0.08,6043.0
3.0,8.0,0.0,1.0,1.0,1.0,25.0,27.0,55.46,0.16,4634.0
4.0,12.0,0.0,6.0,0.0,2.0,1.0,5.0,56.08,0.24,2739.0
2.0,5.0,0.0,0.0,0.0,2.0,20.0,23.0,74.0,0.15,6359.0
4.0,11.0,0.0,2.0,1.0,1.0,11.0,15.0,72.17,0.07,4205.0
3.0,8.0,0.0,0.0,0.0,1.0,30.0,30.0,56.18,0.3,4334.0
4.0,11.0,0.0,6.0,0.0,1.0,5.0,10.0,54.54,0.18,5629.0
3.0,7.0,0.0,5.0,1.0,2.0,31.0,31.0,48.58,0.08,7499.0
3.0,6.0,0.0,4.0,1.0,1.0,36.0,36.0,56.79,0.12,5905.0
1.0,3.0,0.0,5.0,1.0,2.0,1.0,5.0,61.04,0.2,1944.0
2.0,6.0,0.0,5.0,1.0,1.0,26.0,27.0,46.79,0.18,7736.0
2.0,3.0,0.0,5.0,1.0,2.0,23.0,25.0,69.42,0.12,8362.0
4.0,11.0,0.0,3.0,1.0,2.0,4.0,6.0,54.75,0.3,5035.0
4.0,11.0,0.0,6.0,0.0,1.0,9.0,13.0,68.17,0.07,3068.0
3.0,8.0,0.0,3.0,1.0,2.0,31.0,32.0,65.75,0.14,3574.0
3.0,7.0,0.0,6.0,0.0,1.0,32.0,31.0,44.46,0.12,5119.0
2.0,6.0,0.0,2.0,1.0,2.0,19.0,22.0,61.33,0.21,7001.0
2.0,5.0,0.0,3.0,1.0,2.0,21.0,24.0,74.42,0.22,4717.0
1.0,2.0,0.0,5.0,1.0,2.0,8.0,11.0,71.22,0.35,1461.0
3.0,7.0,0.0,1.0,1.0,1.0,33.0,35.0,63.58,0.28,4086.0
